year,month,subbasin_id,u2,tmin,tmax,rs,rh,eto,pr,station_id,flow_next_month,flow_next_month_max,flow_next_month_min
1998,1,36,0.6657988315976631,15.944931810820682,25.837910289364693,19.65728346456693,77.71780543561087,3.8270256540513072,269.74318674275946,58060000,13.4712535714,34.6816,6.9152000000000005
1998,2,36,0.6200787401574803,16.485183263649404,25.699789422284617,16.998031496062993,79.5908323959505,3.3697272215972998,272.8091525009918,58060000,10.7961354839,28.3438,7.4509
1998,3,36,0.5753111506223012,15.764242545361828,24.801324503311257,15.899872999746,79.28625857251714,3.0155575311150615,221.71086764122435,58060000,9.6376966667,23.0902,7.0912
1998,4,36,0.640748031496063,13.424624368012534,22.816563412376272,13.889586614173231,79.01574803149606,2.399540682414698,86.96630756553847,58060000,8.1133419355,22.0454,6.2369
1998,5,36,0.6791338582677164,9.173770424020233,19.973847606315168,11.777616205232412,78.90525781051562,1.7698755397510793,111.4219336527603,58060000,5.8205100000000005,6.9152000000000005,5.4458
1998,6,36,0.6535433070866141,6.844691305276649,18.06401766004415,11.221732283464569,78.95669291338582,1.5081364829396322,22.83165990173036,58060000,5.184183871,6.9152000000000005,4.5781
1998,7,36,0.677228854457709,7.689871891172965,18.77641943064275,12.215938531877065,75.99695199390399,1.693103886207772,31.96089053010646,58060000,4.4077322581,6.0737,3.9212
1998,8,36,0.7343789687579374,10.57504255363136,20.131520008820832,13.06724663449327,77.09550419100839,2.0926466852933703,48.30011902218688,58060000,5.85074,16.6493,3.9212
1998,9,36,0.8759842519685039,11.336110517695648,19.3841059602649,14.041437007874016,77.96587926509187,2.3995406824146976,174.95574816125978,58060000,10.7279677419,27.165,5.9129000000000005
1998,10,36,0.9505969011938025,11.654905555057852,19.26390831845966,14.970021590043181,81.09601219202439,2.6490347980695956,250.57489242225407,58060000,7.6950933333,12.1144,6.0737
1998,11,36,0.9458661417322836,11.816064943388167,20.188350067649363,17.850787401574806,78.04461942257218,3.1817585301837266,127.73712881862849,58060000,8.3559935484,16.6493,5.2951
1998,12,36,0.837249174498349,14.50355245294981,23.200205360034733,18.137090424180847,77.64795529591059,3.477012954025908,213.09320352793964,58060000,12.3460483871,29.9612,7.6347000000000005
1999,1,36,0.7734315468630937,16.011363714673593,24.496454438326523,17.561950723901447,81.45796291592582,3.4291338582677158,255.55665761284214,58060000,15.500278571399999,29.9612,9.6181
1999,2,36,0.732916197975253,15.740379039887692,25.057374797814873,17.51978346456693,81.38357705286839,3.384350393700787,278.46728415784173,58060000,13.5999580645,27.165,9.8313
1999,3,36,0.8001016002032004,14.720903308501772,24.057342310369307,16.46487807975616,78.89255778511557,3.0444500889001778,177.9118472853785,58060000,10.5344966667,32.9184,8.2018
1999,4,36,0.7411417322834645,11.898241116570535,21.602008117923518,14.743090551181105,77.28346456692913,2.4549868766404197,87.86927396465954,58060000,7.4384516129,8.995,6.5709
1999,5,36,0.7791465582931165,8.381480383981918,19.106925043587324,12.86962153924308,75.16510033020066,1.887096774193548,34.45692312387459,58060000,6.9537066667000005,11.8735,5.7547
1999,6,36,0.6840551181102362,8.140710674357331,17.810225735241758,11.080354330708662,81.27296587926509,1.4944881889763777,68.57737968077637,58060000,5.7402064516,9.4077,5.001
1999,7,36,0.7105664211328422,8.202376112079719,17.912115552921556,11.90429895859792,80.08636017272035,1.6361442722885444,44.13892025513469,58060000,4.8445677419,6.4026,4.1768
1999,8,36,0.7629540259080518,6.6388833375829535,18.767185120356146,15.372872745745493,71.20269240538481,2.2106934213868428,20.45922727134004,58060000,6.2186266667,28.3438,3.9212
1999,9,36,0.9419291338582677,9.26696574805953,20.317239906002992,16.68311023622047,70.16404199475065,2.7509842519685037,119.13319803460799,58060000,5.9597322581,14.144,4.3082
1999,10,36,1.0744221488442975,10.644920095650917,19.29174907484615,15.50969011938024,75.8255016510033,2.777813055626111,115.5247657704398,58060000,7.03996,16.9425,4.3082
1999,11,36,0.983267716535433,10.508153528448336,20.54126611122979,17.976456692913388,74.94750656167979,3.218438320209973,138.7306588946195,58060000,9.3426290323,69.0263,5.1468
1999,12,36,0.9963169926339852,13.406461260690092,22.9891944787094,19.3000381000762,75.97155194310389,3.6371602743205482,190.8383434553056,58060000,16.3295548387,46.4081,9.4077
2000,1,36,0.9715519431038862,14.849632350407619,24.11219686998229,19.46219202438405,79.5974091948184,3.7131064262128515,299.012344737083,58060000,14.8577413793,45.3544,9.8313
2000,2,36,0.8450991039913114,14.859888470633301,23.293247095742878,16.71597203366821,81.79473255498235,3.159991854466467,183.8583788567766,58060000,16.9540774194,135.1343,9.8313
2000,3,36,0.8010541021082042,14.022954841466188,22.40343599037978,14.848406146812295,82.18186436372872,2.7200279400558793,232.2786645100253,58060000,14.6259266667,29.9612,10.4871
2000,4,36,0.7736220472440944,11.404970447909992,21.90365306558428,16.87946850393701,79.31102362204723,2.6537401574803146,43.143253883480284,58060000,8.9144870968,10.2658,7.4509
2000,5,36,0.701993903987808,8.822590982075791,20.266037722846647,14.03763652527305,77.18440436880874,2.004318008636017,25.1697592089602,58060000,6.61082,7.6347000000000005,5.7547
2000,6,36,0.6033464566929134,7.13978494623656,20.096062094993947,12.55958661417323,76.41076115485563,1.671062992125984,12.205496383556564,58060000,6.2228806452,10.9381,5.4458
2000,7,36,0.7058039116078232,5.935904238824072,17.176540717106214,12.203270256540513,77.71780543561086,1.6031242062484123,76.73841059602644,58060000,5.6960451613,8.5931,4.7166
2000,8,36,0.8582042164084327,7.5993205201535385,18.583601518837302,14.415151130302263,76.04140208280415,2.1223647447294893,84.2196417126987,58060000,7.02607,18.7645,4.8576
2000,9,36,0.921259842519685,10.402762942391227,18.597237057608773,14.55982283464567,79.64566929133858,2.435367454068241,127.03672902615426,58060000,4.7093290323,7.0912,4.0478
2000,10,36,0.9344043688087376,13.105519223215332,21.89706500540965,18.035744221488443,76.38430276860554,3.2450469900939796,91.47427289651168,58060000,7.71097,20.696,4.0478
2000,11,36,0.9074803149606299,13.29794203517767,21.586626789147623,17.172696850393706,79.7244094488189,3.168110236220472,271.2195196386608,58060000,11.9198193548,57.731700000000004,5.9129000000000005
2000,12,36,0.8982092964185928,14.572878692862703,23.372073791786974,18.613417576835154,79.83235966471933,3.529845059690119,349.2831965086825,58060000,9.0135516129,21.0287,6.5709
2001,1,36,0.9305943611887224,15.204670907098704,25.19605681168209,21.16480822961646,77.3495046990094,4.038354076708153,180.45251319925526,58060000,8.5106785714,20.0399,6.2369
2001,2,36,0.7835348706411698,15.828577532273325,26.41178624835963,20.09488188976378,78.31833520809899,3.866001124859392,171.94128238776813,58060000,7.5769870968,15.2281,3.7969
2001,3,36,0.7743840487680975,14.62511456746904,24.964509926883558,18.59061468122936,78.76555753111506,3.378778257556515,214.51803643910026,58060000,6.33886,13.6194,5.001
2001,4,36,0.7066929133858266,13.043438011820836,24.16157516200242,17.40570866141732,76.02362204724409,2.8755249343832023,48.88035218359933,58060000,5.3211677419,9.8313,4.5781
2001,5,36,0.8058166116332233,10.260180137963353,19.77841100950307,12.31728473456947,78.59410718821437,1.8978282956565913,70.09147923215428,58060000,4.12718,4.4419,3.7969
2001,6,36,0.6791338582677166,8.929146193833226,19.558570106102685,12.308248031496067,77.14566929133858,1.6992125984251967,12.054429761650425,58060000,3.946616129,6.0737,3.4379
2001,7,36,0.75247650495301,7.275775096305587,19.451213209198475,13.001371602743205,75.60960121920243,1.8111506223012444,39.761421552171356,58060000,3.6277451613,6.0737,3.0995
2001,8,36,0.7705740411480823,8.26474216289599,20.210218384547,15.50969011938024,71.48844297688595,2.323787147574295,78.19071016571552,58060000,4.6977133333,17.5378,3.3228
2001,9,36,1.0236220472440944,9.920957060457166,18.955849889624727,15.248385826771655,74.24540682414698,2.553083989501312,95.71443830683302,58060000,4.676783871,19.3961,3.0995
2001,10,36,1.063944627889256,10.92050223621917,20.295256734499795,18.778105156210316,73.1521463042926,3.248348996697993,135.43809320352796,58060000,4.3180133333,10.7112,3.0995
2001,11,36,0.9360236220472442,13.468133589688813,21.694438510289825,17.654429133858272,78.48425196850394,3.2781496062992126,155.0904873805963,58060000,8.3693354839,26.3953,3.4379
2001,12,36,0.9658369316738633,14.252985645471398,22.823941672237115,17.463138176276352,79.82600965201931,3.3284226568453135,244.64552751243625,58060000,10.7403935484,23.0902,5.9129000000000005
2002,1,36,0.8915417830835662,15.37157761989098,23.99780168284968,17.285782321564646,80.91186182372365,3.387033274066548,234.55839716788228,58060000,16.1029321429,66.1816,9.4077
2002,2,36,0.8214988751406074,14.794152653584401,23.34162419507431,16.235039370078745,82.13582677165354,3.0836614173228343,230.74739829706715,58060000,9.6517032258,14.9527,7.2698
2002,3,36,0.746761493522987,14.97312402230017,25.577282218439677,19.104946659893322,77.71145542291084,3.5067310134620264,102.33046967986085,58060000,7.1414733333000004,10.7112,5.9129000000000005
2002,4,36,0.8316929133858268,13.639891761019726,23.781599373353274,17.39,76.91601049868765,2.9130577427821516,100.1537369914853,58060000,6.2274741935,11.6355,5.1468
2002,5,36,0.8020066040132081,11.282432069243544,20.94551756930901,12.986169672339347,81.66116332232664,1.9564389128778257,72.9205450605792,58060000,5.0859466667,11.6355,4.4419
2002,6,36,0.610236220472441,9.802891120131026,20.726411735384175,12.606712598425197,79.65879265091863,1.7350393700787399,31.233024079103956,58060000,4.3469064516,6.0737,3.9212
2002,7,36,0.9010668021336042,7.805025118702235,18.42096739737167,12.10952501905004,78.27025654051307,1.731076962153924,28.46232490005187,58060000,3.7984064516,6.0737,3.3228
2002,8,36,0.8934467868935738,10.469399287442027,20.824782407949776,15.13217551435103,75.0508001016002,2.392303784607569,47.496719260231316,58060000,4.00341,6.2369,3.21
2002,9,36,1.0620078740157481,9.670013529872534,18.558071637114573,14.976102362204724,77.88713910761155,2.4865485564304457,90.52667317728196,58060000,3.2531451613,6.0737,2.6798
2002,10,36,1.0763271526543052,13.10379640413201,25.033147039163126,19.338042926085855,70.00889001778003,3.7065024130048254,68.55677968688006,58060000,7.95867,23.8024,3.3228
2002,11,36,1.063976377952756,13.698924731182794,24.121555223242897,18.1571062992126,77.57217847769029,3.5084645669291334,223.00180059205906,58060000,11.7322967742,97.468,4.5781
2002,12,36,1.0753746507493014,14.898009110267314,23.89195167837035,18.5247396494793,80.17526035052069,3.5645161290322576,299.6063112277596,58060000,8.8759290323,25.6385,5.1468
2003,1,36,0.762001524003048,15.47549806699699,23.814769383437508,16.49528194056388,83.4518669037338,3.2087249174498345,360.93592638935513,58060000,7.3817214286,11.8735,5.1468
2003,2,36,0.8004077615298089,15.365611743522447,27.04412976470229,23.247834645669293,72.82761529808774,4.396091113610797,86.67104098635821,58060000,8.7821064516,51.8898,5.001
2003,3,36,0.931546863093726,14.663567889408798,23.764049589624495,15.74025273050546,79.97840995681992,2.9569469138938276,259.98908963286226,58060000,5.5593466667,7.6347000000000005,4.5781
2003,4,36,0.7726377952755905,12.838496047853024,22.939329203161716,15.44212598425197,78.62860892388451,2.594881889763779,42.29865413373206,58060000,4.4861774194,6.7418,3.9212
2003,5,36,0.9629794259588519,8.942568103038363,20.319927503772973,13.508102616205234,77.66700533401067,2.0282575565151126,34.40198980681781,58060000,3.4963133333,3.7969,3.0995
2003,6,36,0.8631889763779528,9.223883785515916,20.73253578295236,13.036082677165357,78.2217847769029,1.8288713910761152,10.015030365916914,58060000,3.1341096774,4.3082,2.7814
2003,7,36,0.9877444754889508,7.371426011811648,19.88729317556905,12.851885953771909,75.501651003302,1.898653797307594,29.083758049256872,58060000,2.9315935484,4.5781,2.3881
2003,8,36,0.9944119888239776,7.296793489122121,17.991778707334383,13.561309372618748,74.52374904749809,2.065405130810261,40.245521408734376,58060000,2.9958533333,4.1768,2.5804
2003,9,36,1.2450787401574805,10.186641031118707,19.4066082745852,15.235295275590552,74.13385826771653,2.643503937007874,45.97231971190523,58060000,4.4983967742,17.5378,2.4832
2003,10,36,1.214439928879858,11.774262461150432,20.804659881056573,17.15909956819914,74.06019812039625,3.1146177292354587,227.9045991393781,58060000,4.97592,21.3645,3.0995
2003,11,36,1.2874015748031495,13.108096560563983,22.62515132094282,16.93444881889764,78.56299212598424,3.2534120734908134,170.24864955595567,58060000,6.2192935484,30.3737,3.0995
2003,12,36,1.2077724155448313,14.745849728828276,23.589286821812266,17.615157480314963,80.01651003302007,3.446469392938786,183.885845515305,58060000,9.8833548387,21.7034,5.1468
2004,1,36,1.2020574041148082,14.160504717078648,22.763436266030833,17.54421513843028,79.43865887731775,3.3787782575565144,254.79102450636304,58060000,12.6206517241,32.9184,6.2369
2004,2,36,0.9265544393157752,14.059735246668483,22.99004044228687,17.31181781156666,81.50285093673637,3.234116209611729,290.74831385235143,58060000,11.3906903226,40.2962,7.8211
2004,3,36,0.9820294640589281,12.877900365926774,22.709684310631175,16.961474472948947,80.14351028702058,3.017208534417068,176.1230811487167,58060000,8.3699633333,13.6194,6.7418
2004,4,36,0.9183070866141732,13.271238339386171,22.54083885209713,13.850314960629921,83.22178477690288,2.3944225721784775,147.94915616321293,58060000,6.5391354839,9.8313,5.4458
2004,5,36,0.9563119126238253,9.844842913355983,18.7476138955696,11.106197612395228,83.0264160528321,1.7162179324358646,91.2614062929166,58060000,7.3300966667,15.787700000000001,5.1468
2004,6,36,0.7795275590551181,7.624724061810155,18.744499038666948,11.35263779527559,82.48031496062993,1.5524934383202096,79.86960966826378,58060000,7.8345354839,23.4447,4.8576
2004,7,36,0.9286893573787147,7.457429140451103,17.28321767474554,11.93216916433833,82.18186436372872,1.624587249174498,133.99609363078702,58060000,5.1117,6.0737,4.4419
2004,8,36,0.9639319278638556,7.4260049203713026,18.893295477255347,16.07976250952502,74.20624841249683,2.337820675641351,8.603930784020477,58060000,4.23541,7.0912,3.5552
2004,9,36,1.1289370078740157,10.783878088727477,21.49092074343089,17.890059055118112,71.17454068241469,3.0725721784776896,39.93652150028991,58060000,5.3314,9.8313,4.0478
2004,10,36,1.1125222250444502,11.352378524026435,19.850080283369284,15.192983235966473,79.5529591059182,2.71507493014986,127.4143955809198,58060000,5.80541,16.3592,3.9212
2004,11,36,1.0915354330708662,12.924802392651142,21.591469059317813,18.369173228346458,76.0498687664042,3.3984251968503933,156.82432020020138,58060000,7.7154354839,32.9184,4.5781
2004,12,36,1.0344170688341379,13.598590044862208,22.317984163846987,18.033210566421133,79.9022098044196,3.3729997459994916,193.75324259163176,58060000,12.2383225806,48.558,5.1468
2005,1,36,0.7743840487680975,15.476600671210317,23.303987981614075,16.325527051054102,83.00736601473203,3.1624968249936494,325.59320352793964,58060000,15.6850392857,67.312,8.7927
2005,2,36,0.9301181102362204,13.406628620258187,23.882412182988986,20.18745078740158,75.31636670416198,3.6886951631046117,144.18965727713856,58060000,10.0227290323,28.7433,7.6347000000000005
2005,3,36,0.8401066802133603,14.724624597721743,23.611752382658793,16.08229616459233,79.74345948691897,2.981711963423926,158.8980529190954,58060000,20.5920433333,183.0951,7.0912
2005,4,36,0.7716535433070866,13.714804528946807,23.32386242255928,15.38976377952756,79.29133858267716,2.6605643044619423,278.58401745658745,58060000,11.8748,37.897,8.5931
2005,5,36,0.5838836677673355,9.97515694881849,21.25851934036703,13.26487172974346,79.36880873761747,1.9498348996697987,116.38653218176819,58060000,8.1386233333,13.6194,6.7418
2005,6,36,0.49409448818897633,8.518621377198604,20.55194758954639,12.399881889763781,80.74803149606299,1.650590551181102,27.13362529374065,58060000,7.188416129,14.144,6.0737
2005,7,36,0.6619888239776479,7.34937392754512,18.827966177615757,12.081654813309628,79.79425958851917,1.6691643383286765,86.53027436140016,58060000,5.1015290323,5.7547,4.4419
2005,8,36,0.6210312420624842,8.17288144937324,21.826084859176767,16.120300990601983,70.36449072898145,2.4121158242316483,8.088930936613039,58060000,6.2581666667,13.6194,4.4419
2005,9,36,0.9005905511811023,10.827458520259203,18.73395998006124,13.00728346456693,79.70472440944881,2.245997375328084,143.96305734427932,58060000,6.0076516129,12.1144,4.1768
2005,10,36,0.8267716535433071,13.30433254543074,21.478764531978968,15.745320040640081,75.83820167640334,2.9115443230886457,150.78508865626998,58060000,10.0685266667,22.0454,6.0737
2005,11,36,0.9960629921259843,12.58826461582283,21.448337249875383,17.44498031496063,77.23753280839895,3.2209973753280834,170.6400494399853,58060000,12.9465483871,28.7433,8.5931
2005,12,36,0.9334518669037337,12.934133180806416,22.425488074646307,17.503676657353317,78.77190754381509,3.2912750825501647,230.07446516312143,58060000,10.4225451613,23.4447,7.0912
2006,1,36,0.716281432562865,14.60058162372253,24.439394670286884,20.16401447802896,74.88569977139954,3.8303276606553207,175.6080813013092,58060000,12.17255,39.8095,6.9152000000000005
2006,2,36,0.6580427446569178,15.540787987914669,24.901425214392532,17.239271653543312,81.20078740157479,3.315804274465691,297.87591174047054,58060000,9.6856870968,23.0902,6.7418
2006,3,36,0.7334264668529337,14.870168353880821,24.535596887899608,17.31618618237237,80.21971043942088,3.187261874523749,169.647816400647,58060000,9.59707,27.9476,7.0912
2006,4,36,0.7460629921259843,11.808018229722993,22.16784162928149,14.829488188976379,78.51706036745406,2.4660761154855644,86.81867427594835,58060000,6.8843451613,12.1144,5.9129000000000005
2006,5,36,0.6200787401574803,8.708953835339845,19.095347699347393,12.84175133350267,78.752857505715,1.8185801371602741,63.657414471877146,58060000,5.2472633333,5.9129000000000005,4.7166
2006,6,36,0.6614173228346456,7.487075411236916,19.075909705903296,12.295157480314963,77.749343832021,1.6326771653543306,21.193960386974652,58060000,4.5092354839,6.0737,3.9212
2006,7,36,0.5181610363220726,6.30858446292838,20.185961091853823,13.399155448310898,73.78079756159512,1.7541910083820165,34.395123142185724,58060000,3.9130741935,5.7547,3.3228
2006,8,36,0.7896240792481585,7.795239506308963,20.57393994941803,15.433680467360936,69.80568961137922,2.3502032004064004,37.68425550096134,58060000,3.92758,6.2369,3.0995
2006,9,36,0.9783464566929133,9.036530655842768,20.0574663533433,15.44736220472441,71.94881889763779,2.5931758530183724,94.24153874324777,58060000,4.167416129,8.2018,3.0995
2006,10,36,0.9801244602489205,12.008496943718946,20.33577743933954,15.362738125476252,78.70840741681482,2.7959740919481835,101.71590319528796,58060000,5.7677166667,18.7645,3.0995
2006,11,36,0.984251968503937,12.958484654276152,21.468845688243253,17.120334645669292,78.20209973753282,3.1843175853018364,231.81516464735859,58060000,9.2975225806,34.6816,5.1468
2006,12,36,1.002984505969012,14.908070373713915,22.827938612510422,17.171767843535687,82.28346456692913,3.292100584201168,296.36524552140867,58060000,10.1336548387,28.7433,6.2369
2007,1,36,0.9791719583439167,15.16580410857895,22.930756455403106,15.51222377444755,84.89331978663957,3.0064770129540257,239.82856227301858,58060000,10.1803678571,38.37,6.9152000000000005
2007,2,36,1.09041057367829,14.370708334604938,24.96093630787072,21.085088582677166,77.90354330708661,3.916268278965129,120.65416425061792,58060000,6.096483871,8.995,4.8576
2007,3,36,1.0134620269240537,14.07560419265252,25.55109536837318,19.79410083820168,74.73964947929895,3.6627508255016505,110.24430066835534,58060000,5.6136766667,22.0454,4.1768
2007,4,36,1.0098425196850394,13.45702485223955,23.003845332193976,15.243149606299216,80.1246719160105,2.6469160104986873,99.6765037995544,58060000,5.3738387097,10.0472,4.4419
2007,5,36,1.0496570993141985,8.755676688879547,19.164260462680293,12.365424180848361,80.11176022352045,1.8714122428244855,57.044816431165415,58060000,4.4412533333,8.5931,3.6749
2007,6,36,0.7618110236220472,7.602862636188848,19.74969735811436,13.11724409448819,77.88057742782152,1.7503937007874013,46.154286324655885,58060000,4.8056451613,21.7034,3.3228
2007,7,36,0.9829819659639318,7.256341697045709,17.81963462452881,11.828289306578615,76.77165354330708,1.698882397764795,109.23833429975281,58060000,3.3868387097,4.1768,2.8852
2007,8,36,0.9782194564389128,7.692835139996278,18.93105967156177,15.763055626111253,72.15519431038861,2.3246126492252976,9.009063997314328,58060000,2.9346866667000002,4.3082,2.5804
2007,9,36,1.1978346456692912,9.812362030905078,20.873104037598804,17.175314960629922,69.11417322834646,2.968503937007873,49.58418530838951,58060000,3.5430516129000003,16.072,2.2953
2007,10,36,1.1820548641097282,11.899683690416301,21.094506963634736,17.95720091440183,72.79019558039117,3.2640335280670554,144.80422376171146,58060000,6.2907966667,22.7388,2.8852
2007,11,36,1.313976377952756,12.543544826604002,21.473687958413446,16.27206692913386,80.57742782152232,3.061482939632546,209.19293801690725,58060000,5.2046354839,11.8735,3.3228
2007,12,36,1.1630048260096522,13.980228928199791,23.829792365844078,19.695288290576585,79.03860807721615,3.7519050038100072,145.56642353587446,58060000,6.3186935484,14.144,3.5552
2008,1,36,1.0915671831343663,13.973888953973166,22.99773966136268,17.057753365506734,81.17221234442468,3.292100584201168,210.25727103488265,58060000,8.9999034483,16.3592,6.2369
2008,2,36,1.0059733912571274,14.324341247449336,23.92176001296511,17.290150692370354,82.7246809666033,3.2588243279934828,274.7146519363994,58060000,11.8489741935,34.6816,5.1468
2008,3,36,0.9886969773939547,13.639386400755285,23.51679059478606,17.273114046228095,81.97866395732791,3.1137922275844545,256.39095736564224,58060000,11.4372066667,19.7165,8.2018
2008,4,36,0.8533464566929134,12.671580146692301,21.904222744427827,13.737736220472442,84.26509186351706,2.3159448818897634,173.78841517380286,58060000,7.8073322581,13.1063,6.0737
2008,5,36,1.0410845821691646,8.591457573857253,19.697920901930246,12.765741681483366,80.44831089662179,1.9003048006096008,32.43125705740532,58060000,6.0187333333,8.5931,5.001
2008,6,36,1.0324803149606299,8.74606565548672,18.29687388734601,10.95468503937008,82.76902887139107,1.596850393700787,43.771553697317444,58060000,4.4305451613,5.001,3.9212
2008,7,36,0.9258318516637034,5.915368235350869,19.65891627788383,14.508896367792737,73.9522479044958,1.975425450850901,1.4557329020050531,58060000,4.4582870968,7.8211,3.5552
2008,8,36,1.082994665989332,9.303257506322744,20.19464410003377,14.858540767081536,76.72085344170688,2.338646177292354,83.20337534714803,58060000,3.9970466667,6.7418,3.3228
2008,9,36,1.2106299212598426,9.277362386954355,19.182439649647513,15.703937007874016,75.4002624671916,2.6230314960629917,64.39901425214393,58060000,5.0455677419,15.2281,3.3228
2008,10,36,1.2268224536449073,12.471452887789347,21.176788803054215,16.416738633477266,78.21945643891287,3.042799085598171,142.58972441785943,58060000,6.8438233333,13.1063,3.5552
2008,11,36,1.328740157480315,12.962401196325569,20.781813002919606,17.913622047244097,80.84645669291339,3.2218503937007865,290.75861384929954,58060000,7.3744870968,23.8024,4.3082
2008,12,36,1.0525146050292098,13.230458063137874,21.96322125820923,18.7248983997968,79.49580899161799,3.441516383032766,142.87125766777552,58060000,10.6589064516,41.28,5.599
2009,1,36,1.1115697231394464,15.313139596584685,23.42430966639331,16.219113538227077,82.24536449072899,3.1856108712217424,265.16998809778124,58060000,14.9886321429,40.2962,8.0101
2009,2,36,1.046119235095613,15.598162785729546,25.480971709341716,20.209891732283467,80.57508436445444,3.849550056242969,238.01576281014434,58060000,12.0749096774,37.4275,8.995
2009,3,36,1.1058547117094233,15.91612627574753,24.83467828076438,17.0248158496317,81.14046228092457,3.2376174752349502,190.68384350108337,58060000,9.2585833333,13.1063,7.2698
2009,4,36,1.1653543307086616,12.608915473901588,21.908210496332693,16.198759842519685,82.27034120734908,2.64520997375328,90.27260658589432,58060000,6.9400580645000005,10.9381,5.7547
2009,5,36,1.0868046736093473,10.719690443867108,20.801489893943263,13.751333502667007,82.29616459232918,2.067056134112268,60.89014862514112,58060000,5.5263833333,8.5931,4.7166
2009,6,36,1.1131889763779528,7.359396140425835,18.086235134942676,12.268976377952756,81.80446194225722,1.6574146981627293,40.68498794518871,58060000,5.3480096774,10.2658,4.3082
2009,7,36,1.0763271526543052,9.451488860251807,18.106725196573656,11.240481330962663,84.88061976123952,1.6113792227584454,114.30936613055815,58060000,5.1423516129,14.6802,4.0478
2009,8,36,1.203962407924816,9.310286608182702,19.557752341311136,14.782531115062234,78.40995681991365,2.2693040386080767,76.5633106479079,58060000,4.49789,6.9152000000000005,3.7969
2009,9,36,1.2303149606299213,12.215694652139856,21.015238909065012,15.256240157480317,81.43700787401573,2.629855643044619,76.44314401684619,58060000,10.2834935484,53.0292,4.0478
2009,10,36,1.2573025146050294,13.17160656325158,21.80871884281688,17.78237871475743,84.46786893573787,3.1270002540005075,204.64377269814133,58060000,7.4265966667,16.072,5.4458
2009,11,36,1.2155511811023623,16.015737378053124,25.804813786228017,20.91397637795276,79.66535433070865,4.039895013123359,147.1732230597858,58060000,26.1732096774,142.5997,6.7418
2009,12,36,1.19253238506477,15.315896107118,23.4578012693731,17.260445770891543,84.31546863093726,3.3259461518923032,407.37861262855915,58060000,39.2945064516,449.4811,15.787700000000001
2010,1,36,1.0515621031242062,16.598638283796543,25.596026490066222,14.301136652273307,81.26746253492507,3.05270510541021,337.83646656697283,58060000,15.6410678571,34.2358,11.1678
2010,2,36,1.1167744656917884,15.931272316660053,27.150639362773518,14.69783464566929,77.05286839145106,3.2536557930258714,156.6732535782952,58060000,17.8246419355,49.1044,12.3581
2010,3,36,1.082994665989332,14.854318418314257,24.289991799381163,13.416891033782068,81.6992633985268,2.6837058674117347,326.5648365733817,58060000,16.54905,32.0569,12.1144
2010,4,36,1.1013779527559056,12.587694936979279,22.604927721996724,15.010137795275591,82.53280839895014,2.536023622047244,170.2211828974273,58060000,9.9095677419,12.6047,8.3961
2010,5,36,1.0420370840741682,10.104023816251008,21.01884074949521,13.758934467868938,81.41986283972568,2.070358140716281,47.55165257728807,58060000,7.52779,9.8313,6.2369
2010,6,36,0.9793307086614174,6.935911130100406,18.882503738517414,13.182696850393702,80.13123359580052,1.7179790026246713,68.87951292458874,58060000,7.1678935484,20.0399,5.599
2010,7,36,0.9934594869189738,8.70033973992323,20.37133642521932,12.930429260858524,79.4513589027178,1.8788417576835152,102.62573625904105,58060000,5.1124870968,7.0912,4.3082
2010,8,36,1.1601473202946406,7.550737022003846,19.998518375588347,15.410877571755147,73.10134620269241,2.37992125984252,29.64339121677294,58060000,4.6314566667,7.0912,3.7969
2010,9,36,1.2874015748031495,10.368867051199885,21.04044719789219,14.172342519685039,76.35826771653542,2.5684383202099736,63.27974791711169,58060000,4.3614483871,7.6347000000000005,3.6749
2010,10,36,1.4068453136906274,11.367608244723005,20.878258712296105,16.04175768351537,80.63881127762255,2.8917322834645667,60.196615497299135,58060000,4.76283,7.8211,3.4379
2010,11,36,1.2736220472440944,13.015951007619456,22.383180232144127,17.95812992125984,80.83989501312337,3.348097112860892,175.2372814111759,58060000,11.0031548387,27.165,6.4026
2010,12,36,1.1449072898145798,15.730888767908706,24.696852754098586,18.52727330454661,84.15671831343661,3.5859791719583436,569.7855311746573,58060000,13.3410064516,23.0902,8.2018
2011,1,36,1.1249047498094997,16.370812688217985,25.81737428589149,18.798374396748798,83.29946659893321,3.714757429514859,371.9088564714498,58060000,8.4554678571,16.072,6.4026
2011,2,36,1.0672103487064115,15.676900540177616,26.81646168401135,20.695177165354334,80.12514060742407,4.01314679415073,314.7816400646992,58060000,23.8279645161,131.8838,12.8541
2011,3,36,1.1391922783845567,15.11990820819924,23.150725995961714,13.383953517907035,87.30632461264922,2.53759207518415,605.7119205298013,58060000,14.6929,30.3737,10.2658
2011,4,36,1.0354330708661417,13.426262194687745,23.35434024068931,15.004901574803151,83.8254593175853,2.586351706036745,145.37759025849175,58060000,10.0859129032,17.5378,7.8211
2011,5,36,0.9639319278638556,9.793296166382977,19.839192066762685,12.411029972059946,82.79781559563119,1.8631572263144522,96.26033814508499,58060000,7.16212,9.4077,6.2369
2011,6,36,0.9645669291338583,6.74108096560564,18.53585416221605,11.601358267716535,80.3018372703412,1.611351706036745,88.53190710165711,58060000,5.5062193548,6.5709,4.8576
2011,7,36,0.9315468630937263,7.748309914479261,19.28568475167286,11.643332486664976,78.82270764541529,1.7294259588519174,14.038895840327129,58060000,5.7767387097,8.5931,4.5781
2011,8,36,1.228727457454915,9.289543866419498,20.956405785915607,13.520770891541787,74.2760985521971,2.318834137668275,64.96894741660812,58060000,5.3537266667,8.1523,4.7036
2011,9,36,1.3720472440944882,9.012532934558141,20.283628854233427,17.175314960629926,72.25721784776903,2.903674540682414,39.53138828699602,58060000,7.3243032258,18.4272,4.3947
2011,10,36,1.4611379222758447,11.83945393526335,21.985411168002425,17.87865760731522,76.56845313690627,3.2747650495300986,253.94985808893085,58060000,6.36827,17.817,4.3947
2011,11,36,1.4635826771653546,11.445987324645731,21.51242611977498,19.332637795275595,78.74671916010499,3.4461942257217846,197.37197485274817,58060000,8.0170903226,26.5904,5.1864
2011,12,36,1.1458597917195834,13.541254625769238,23.355810379640413,18.261239522479045,79.5783591567183,3.49269748539497,191.03404339732043,58060000,10.8319258065,27.6482,6.5871
2012,1,36,1.054419608839218,13.73324558441469,23.00339050795598,17.38459486918974,82.96291592583185,3.271463042926085,199.8268074587237,58060000,8.3184551724,17.2169,5.8662
2012,2,36,1.0741922345913657,14.917789449646039,26.51448629455834,21.50982215585121,78.00705946239478,4.102430084170512,125.33036286507767,58060000,8.1182516129,23.5464,5.3524
2012,3,36,1.1496697993395988,13.81842175989415,24.570053269566056,17.088157226314454,81.16586233172465,3.174053848107696,138.82335886715288,58060000,6.99941,12.2723,5.8662
2012,4,36,1.09251968503937,13.590614541052481,22.753471480452895,13.180078740157482,84.59317585301838,2.3594488188976372,91.01763969847711,58060000,7.8614451613,22.8963,5.8662
2012,5,36,1.1172847345694692,9.691925491520287,20.070463300507885,11.909366268732539,83.42646685293371,1.8400431800863601,164.1407513657033,58060000,7.62037,13.0393,5.6923
2012,6,36,1.013779527559055,10.408958199814855,19.54432813501389,9.281712598425198,85.1509186351706,1.4774278215223096,106.75946836756486,58060000,6.103716129,12.5254,5.0229
2012,7,36,1.088709677419355,7.876212003225117,19.780891868983055,12.015779781559566,80.18796037592074,1.7847345694691383,60.502182073427505,58060000,4.7353129032,7.5461,4.2441
2012,8,36,1.2868300736601475,8.468103727491368,21.079759632281498,16.112700025400052,76.02870205740412,2.5408940817881636,33.89728995635852,58060000,4.16108,5.8662,3.5299
2012,9,36,1.4911417322834648,10.064872178309479,22.466353343302714,15.978838582677167,74.16010498687663,2.920734908136483,36.91862239448224,58060000,4.1801709677,13.8291,3.2624
2012,10,36,1.4554229108458216,12.617961422635085,23.819041974764147,18.06614808229617,74.13004826009652,3.5075565151130297,82.25577562791833,58060000,4.8420866667,11.0449,3.3949
2012,11,36,1.5305118110236222,13.168767357402263,21.808516698711102,16.53387795275591,79.17322834645668,3.18261154855643,137.94442579424418,58060000,6.7968129032,29.0923,3.3949
2012,12,36,1.208724917449835,16.549710221830185,26.78656338940535,17.74437388874778,79.12750825501651,3.703200406400812,312.1757408368175,58060000,16.6019451613,44.7463,9.2137
2013,1,36,1.2249174498348996,15.443936021390522,24.244785026634784,15.31206502413005,84.0741681483363,3.0807721615443224,328.0446028015991,58060000,13.2388,20.3185,9.6562
2013,2,36,1.029246344206974,15.887630848109378,26.799066133610033,16.92790354330709,81.2570303712036,3.4373593925759276,227.67113254188666,58060000,14.0184516129,56.4583,9.2137
2013,3,36,1.263017526035052,14.891531310514022,23.498321974212843,15.415944881889764,83.93446786893574,2.9115443230886457,187.93374431592758,58060000,9.8970466667,16.3357,7.9475999999999996
2013,4,36,1.1525590551181102,11.876379690949227,21.682475254575234,14.00478346456693,82.21128608923884,2.370538057742782,57.243949705496334,58060000,7.3793967742,10.3391,6.5871
2013,5,36,1.0706121412242824,10.346321092129475,20.84711014326964,11.640798831597664,81.41351282702566,1.9003048006096006,52.26218451490827,58060000,5.83117,6.5871,5.3524
2013,6,36,1.0393700787401574,10.75126397493413,19.753685110019227,9.01728346456693,83.89107611548556,1.4953412073490813,40.35882137516401,58060000,6.1547645161,18.4272,4.8619
2013,7,36,1.1991998983997967,7.878830688231767,18.70888492257651,10.97698120396241,80.38481076962154,1.696405892811785,92.45277260658585,58060000,4.3697354838999996,5.5211,3.8078000000000003
2013,8,36,1.3001651003302008,7.770499824272454,20.76606873359015,14.76986283972568,73.31089662179323,2.4104648209296418,22.354426709799455,58060000,4.01802,9.6562,3.3949
2013,9,36,1.3966535433070866,10.350993377483444,21.883287046927293,16.790452755905513,73.9501312335958,2.9616797900262464,50.50431836909081,58060000,4.8111483871,11.2853,3.3949
2013,10,36,1.5020955041910087,12.000158499355667,21.371398446706316,16.59156083312167,78.70205740411481,3.0659131318262633,117.24143192846455,58060000,6.3541266667,17.2169,3.3949
2013,11,36,1.3031496062992125,13.328989532151251,22.791639962970873,18.748799212598428,79.63910761154855,3.5332020997375326,146.22219000824,58060000,10.0087612903,29.0923,5.6923
2013,12,36,1.3077851155702311,14.60347595978251,24.691339733031956,20.133610617221233,80.16256032512065,3.8641732283464556,141.91335795159762,58060000,9.8991096774,70.7633,5.3524
2014,1,36,1.1630048260096522,15.41251180131072,27.684358870106337,24.258401066802136,73.38074676149353,4.752413004826009,95.94103823969238,58060000,5.1179107143,8.5692,4.0961
2014,2,36,1.2475393700787403,15.142063661610766,27.95175023651845,22.661564960629924,70.2544994375703,4.544150731158604,120.52713095492412,58060000,5.822616129,12.0217,3.9506
2014,3,36,1.2801625603251208,14.80566600740123,25.370819579494324,18.035744221488446,78.98145796291593,3.4291338582677158,108.09503463850822,58060000,6.8228866667,14.9178,4.2441
2014,4,36,1.2057086614173227,12.77782525101474,22.96183151748202,14.970866141732284,80.59055118110237,2.6145013123359577,133.94459364604631,58060000,4.9527032258,6.5871,4.2441
2014,5,36,1.1601473202946406,9.938081882145392,20.830846731123074,12.613722377444756,79.21005842011684,2.0133985267970536,51.517151402325496,58060000,4.4675533333,9.4337,3.6676
2014,6,36,0.9763779527559053,9.669087801751763,20.51961831517482,10.93897637795276,79.61942257217848,1.6804461942257216,38.940855128635505,58060000,4.1113548387,12.2723,3.2624
2014,7,36,1.0972821945643894,8.539773001357581,18.895914162261995,10.76415417830836,78.9243078486157,1.6831978663957328,62.96731467635118,58060000,3.5961419355,5.3524,3.1325
2014,8,36,1.208724917449835,8.032988539807459,20.632653623777664,14.98775717551435,72.33934467868936,2.426974853949708,36.396755882442676,58060000,3.9947466667000002,12.0217,2.8806000000000003
2014,9,36,1.468503937007874,10.7474898525956,22.374207790358188,17.039173228346456,71.19422572178478,3.0853674540682414,70.98757896664323,58060000,3.9273612903,8.7815,2.7585
2014,10,36,1.5821056642113285,11.51639090075873,23.292272811847482,20.617538735077467,68.99288798577598,3.833629667259334,68.41944639423808,58060000,3.7413066667,7.7456,2.7585
2014,11,36,1.4783464566929134,13.93384604429253,23.610695720287687,18.568149606299215,78.08398950131233,3.5656167979002618,74.64064455092009,58060000,3.6884774194,8.7815,2.8806000000000003
2014,12,36,1.358267716535433,14.838881959327686,25.451585338120474,21.31682753365507,76.6256032512065,4.141541783083566,71.54034546952722,58060000,3.4582774194,8.7815,2.5221999999999998
2015,1,36,1.3020701041402085,15.970980835360518,27.50160222174749,22.5481838963678,73.29184658369316,4.56750063500127,80.51164281136509,58060000,6.1359071429,16.9206,3.3949
2015,2,36,1.2464848143982001,15.555284279915767,25.508438367870113,17.345866141732287,81.2992125984252,3.4519825646794144,154.27335428937647,58060000,8.8281290323,29.0923,4.8619
2015,3,36,1.1306197612395226,14.973537498880168,23.76487654278449,16.67010414020828,83.63601727203454,3.0642621285242564,200.8705404828027,58060000,6.3948066667,14.6418,4.7036
2015,4,36,1.159448818897638,13.702271594388662,22.408958199814855,14.565059055118109,82.10629921259842,2.526640419947506,71.02877895443584,58060000,6.3474451613,9.4337,5.0229
2015,5,36,1.0306070612141225,11.006229713805293,19.910999166155563,10.982048514097029,83.83286766573534,1.7591440182880362,71.23134556108276,58060000,6.7710933333,22.2556,4.5478000000000005
2015,6,36,1.0816929133858266,9.35377056184576,19.537349569180375,12.360610236220474,82.31627296587925,1.7393044619422569,69.74814600054927,58060000,4.7243225806,5.8662,4.0961
2015,7,36,1.0048895097790196,10.097821667551049,19.6578136736705,11.805486410972822,80.37211074422149,1.7921640843281685,25.4890591143528,58060000,3.6394225806,4.2441,3.3949
2015,8,36,1.0744221488442975,8.869796224958826,21.821260965743466,15.91254127508255,72.9743459486919,2.5334645669291334,13.843195898312274,58060000,4.1915133333,8.1523,3.0053
2015,9,36,1.2627952755905512,12.048351491846471,22.198461867122408,14.22994094488189,76.54199475065617,2.7194225721784777,78.39671010467848,58060000,3.7152451613,7.7456,2.7585
2015,10,36,1.3296926593853189,14.365313449704018,25.055061297902988,18.195364490728984,75.60325120650242,3.5496570993141985,107.1680349131748,58060000,5.9371966667,28.7277,3.2624
2015,11,36,1.2253937007874018,15.845830662963753,23.774193548387096,15.667283464566928,82.61811023622047,3.1297244094488184,229.08909878841519,58060000,8.7624354839,19.678,5.8662
2015,12,36,1.1858648717297435,15.82240491761479,25.354556167347756,19.332975615951234,79.3243586487173,3.8559182118364235,183.66611224707782,58060000,11.559783871,28.8055,6.0425
2016,1,36,1.2353949707899416,15.450275995617147,24.170634893288586,18.496869443738888,80.95631191262383,3.5818516637033273,206.9784386730552,58060000,8.2493137931,16.4872,5.7686
2016,2,36,1.087428726581591,16.00641625352673,26.363914282978143,19.906455335324466,78.17675807765409,3.902117838718436,218.56250190740684,58060000,9.2732612903,17.0819,6.6299
2016,3,36,1.0248920497840994,15.139065956405787,24.618016552845752,17.02988315976632,81.9024638049276,3.174053848107696,187.2333445234534,58060000,5.5743266667,6.4848,4.9305
2016,4,36,1.0383858267716535,14.038951790927864,25.366018656982128,17.37167322834646,75.19028871391075,3.116076115485564,28.211691640980177,58060000,4.9747193548,6.3403,4.3859
2016,5,36,1.1268097536195072,10.682546464430676,20.004031396654973,11.574923799847602,81.40081280162559,1.8590297180594355,71.45451216162601,58060000,7.22544,30.3852,4.6567
2016,6,36,1.0009842519685037,7.9920244961902736,17.223741365805026,11.268858267716537,81.73884514435696,1.521784776902887,111.90260017700737,58060000,4.0684903226,4.6567,3.7226
2016,7,36,1.0648971297942595,8.093769597067073,19.75911543576986,13.214198628397257,73.54584709169418,1.9845059690119378,1.2085329752494682,58060000,3.7142806452,6.3403,3.2072
2016,8,36,1.2449199898399796,8.958418038604929,20.714659812143807,14.696386842773688,73.16484632969265,2.4220218440436874,33.842356639301684,58060000,3.2935733333,4.1182,2.955
2016,9,36,1.3868110236220472,11.248664815210425,22.19490137435021,16.128070866141734,73.47112860892388,2.9830052493438313,43.56898709067046,58060000,4.7699064516,15.3294,3.3346999999999998
2016,10,36,1.48495046990094,13.341890001447169,23.35980731991372,17.53154686309373,76.01600203200407,3.3928117856235707,152.8279213843196,58060000,6.4750433333,22.9087,3.3346999999999998
2016,11,36,1.3090551181102363,13.142277291177098,22.809727266253645,18.445098425196853,78.39238845144357,3.4845800524934374,160.75205236976223,58060000,5.4213096774,9.4909,4.1182
2016,12,36,1.3801752603505206,14.486599913169918,25.484801290046928,21.696875793751587,75.65405130810262,4.229870459740919,132.6536606952117,58060000,7.7286419355,20.8715,4.9305
2017,1,36,1.218249936499873,16.01673891021356,25.516638986706724,18.08388366776734,81.10871221742443,3.6346837693675385,304.28250984221927,58060000,8.0934357143,33.2513,5.6272
2017,2,36,1.2391029246344205,15.270699179052096,26.040070802941983,20.748474409448818,75.1195163104612,4.058844206974127,68.44004638813439,58060000,7.1588096774,14.4888,5.4865
2017,3,36,1.1887223774447548,14.385573802123892,24.145550647435414,17.38966217932436,79.36245872491745,3.2252349504699005,285.18631550035093,58060000,6.1085733333,8.415,5.3465
2017,4,36,1.1633858267716535,13.1825820693584,21.696574805953144,13.439271653543308,81.30577427821521,2.3901574803149606,85.61357463301488,58060000,5.4135935484,7.9614,4.7933
2017,5,36,1.0077470154940311,10.916091819365864,20.136757378834133,11.15433705867412,82.75336550673101,1.8012446024892044,55.74015015106656,58060000,4.4646733333,5.7686,3.9855
2017,6,36,0.9891732283464567,8.968169194616536,19.9282916755679,10.829015748031498,80.36745406824146,1.642060367454068,46.13368633075952,58060000,3.8217548387,6.0532,3.3346999999999998
2017,7,36,1.04489458978918,6.7521759205022365,19.269283513999625,13.61704978409957,76.2001524003048,1.9234188468376932,14.718695638904988,58060000,3.7611387097,6.3403,3.0806
2017,8,36,1.1410972821945644,8.76098297165618,19.591243944290923,13.204064008128015,76.67005334010668,2.159512319024638,69.53871272927027,58060000,2.79372,4.3859,2.4627
2017,9,36,1.0807086614173227,9.465285195471054,23.421277504806664,19.80913385826772,68.7992125984252,3.369422572178477,29.72922452467421,58060000,2.8779967742,4.9305,2.223
2017,10,36,1.2715900431800864,13.244585179621119,23.66522868700512,17.473272796545594,74.9237998475997,3.383731267462535,101.80173650318916,58060000,4.4681566667,14.2139,2.3422
2017,11,36,1.4586614173228347,12.575731681264685,22.726838994516843,19.366673228346457,77.82808398950132,3.5912073490813645,164.82055116428108,58060000,4.0203645161,8.719899999999999,2.7067
2017,12,36,1.2277749555499111,14.86203664780754,24.274830991447924,18.823710947421894,80.44196088392178,3.661099822199644,164.16135135959962,58060000,14.415616129,84.9355,3.3346999999999998
2018,1,36,1.2153924307848618,15.316309583697995,25.111156287255966,19.3988506477013,79.88950977901956,3.817945135890271,329.0952024903104,58060000,13.600525,27.268,8.415
2018,2,36,1.1463020247469067,14.704886013367107,24.199194311349835,18.493159448818894,80.23762654668167,3.5168728908886386,181.4344462416455,58060000,10.9430677419,21.54,8.415
2018,3,36,1.1687198374396748,15.773476855648436,25.560743155239784,18.626085852171705,80.46736093472187,3.5075565151130297,193.52664265877252,58060000,8.2536333333,16.4872,6.6299
2018,4,36,1.110236220472441,12.876522110660115,23.270027771843623,16.908267716535434,79.29133858267716,2.8439632545931754,81.82660908841211,58060000,6.3113225806,9.0269,5.4865
2018,5,36,1.1258572517145033,10.257147976376704,21.174307943574227,14.298602997205997,78.48615697231395,2.1826263652527302,33.60545670949422,58060000,5.5439766667,8.415,4.6567
2018,6,36,0.9419291338582678,10.052410453606779,20.024709819839067,10.323720472440947,80.3740157480315,1.6139107611548553,53.817484054078776,58060000,4.3140129032,5.2071,3.8536
2018,7,36,1.0210820421640843,8.145454169566744,20.970463989635522,13.624650749301502,76.21285242570485,2.0034925069850136,21.41026032288582,58060000,4.3429483871,7.5126,3.4631
2018,8,36,1.143002286004572,9.351220789602444,19.11326501781395,13.191395732791467,78.58775717551435,2.1479552959105916,73.08534501174961,58060000,3.8710766667,9.3357,3.0806
2018,9,36,1.3503937007874016,11.336965035960976,21.403617460656555,16.2773031496063,76.96194225721784,2.8627296587926505,92.98150578325748,58060000,7.7206806452,19.8885,4.6567
2018,10,36,1.1382397764795529,13.201376877011391,21.22185775027393,13.923622047244095,82.29616459232918,2.664719329438659,216.28963591418193,58060000,11.7580166667,75.8219,5.2071
2018,11,36,1.2814960629921262,13.750836715801466,22.606351919105606,17.976456692913384,80.08530183727035,3.424868766404199,238.8191625720999,58060000,8.3161516129,16.4872,6.0532
2018,12,36,1.1210947421894844,14.378062310920605,25.309073743548044,22.685001270002545,76.40970281940562,4.311595123190246,148.36115604113888,58060000,8.1444516129,36.2467,4.9305
2019,1,36,1.102044704089408,16.080827780113154,27.73342475759935,24.630848361696724,75.99695199390399,4.805245110490221,203.54510635700547,58060000,9.9796464286,24.3196,5.4865
2019,2,36,1.0176462317210349,15.400708029419844,25.109256263924067,17.948966535433073,80.75084364454443,3.5104752530933627,257.0398571733756,58060000,13.4816354839,62.5463,8.8731
2019,3,36,0.9496443992887986,15.261730675138342,24.61829220389908,17.4504699009398,82.251714503429,3.2310134620269233,258.6020233771782,58060000,9.2782033333,16.7832,7.5126
2019,4,36,0.952755905511811,14.353129673146764,24.207149469486573,16.379409448818897,80.85958005249344,2.8294619422572174,89.54130680257573,58060000,11.083970967700001,67.8228,7.0687
2019,5,36,0.967741935483871,12.58784654505861,22.122134090454892,13.087515875031752,82.11836423672847,2.089344678689357,159.93491927854245,58060000,7.2315366667,9.9433,6.1965
2019,6,36,0.9448818897637794,9.588763084810939,21.08787296161789,13.077972440944885,80.11811023622047,1.8621391076115483,37.24135563219089,58060000,7.1448354839,30.3852,5.4865
2019,7,36,1.0820421640843279,6.899855972324635,19.789161400583,14.240328930657864,76.0287020574041,1.9911099822199643,67.69501327555162,58060000,5.8266258065,7.5126,5.0685
2019,8,36,1.2096774193548387,8.845814583318976,19.724521228576748,13.477698755397512,77.91465582931166,2.213995427990856,56.859416486098795,58060000,5.68283,10.6416,4.521
2019,9,36,1.2765748031496063,11.8879868973866,21.496475112155522,14.214232283464568,79.16666666666666,2.630708661417322,86.07364116336554,58060000,4.6925645161,6.6299,4.1182
2019,10,36,1.3649352298704596,13.345542377903811,23.783620814411037,19.61927863855728,76.32080264160527,3.6710058420116836,51.012451551866164,58060000,5.55549,9.7158,3.9855
2019,11,36,1.4763779527559056,14.110873744926298,22.36309905290892,17.141279527559057,80.06561679790028,3.2909448818897635,168.76201666310612,58060000,5.5852612903,7.5126,4.6567
2019,12,36,1.3077851155702311,14.561990476256106,23.947357540090003,20.2982981965964,79.5529591059182,3.8707772415544834,137.77275917844167,58060000,10.2161258065,64.865,4.3859
2020,1,36,1.2239649479298957,15.152710683545699,24.949900421056988,19.890379730759463,79.94665989331978,3.8484886969773937,211.86407055879386,58060000,13.5074241379,26.1426,7.2161
2020,2,36,1.1200108607113766,15.368474169238816,23.708867100310133,16.22846185175129,84.78142818354603,3.1396959000814544,296.9214453566088,58060000,11.5471548387,25.0409,8.2633
2020,3,36,1.0772796545593093,13.616920839908758,23.248030817787765,18.828778257556515,80.82931165862331,3.3036576073152144,183.16827906125064,58060000,7.1218466667,8.2633,6.0532
2020,4,36,1.077755905511811,11.909349854019796,22.0823898027487,15.984074803149607,78.67454068241469,2.6528871391076114,9.60989715262302,58060000,5.8422741935,7.2161,5.0685
2020,5,36,1.1849123698247397,8.528333482644321,20.69026469392396,14.118713487426975,75.9525019050038,2.155384810769621,35.89548936429941,58060000,5.27916,8.415,4.521
2020,6,36,1.0590551181102361,10.021291746777752,21.36929431033255,11.695610236220475,79.16666666666666,1.7990157480314957,67.82204657124542,58060000,4.5462064516,10.6416,3.8536
2020,7,36,1.1458597917195834,8.828310741432421,21.08251614281481,13.04444373888748,75.59055118110237,2.034036068072136,49.6734519486068,58060000,4.5579258065,11.6095,3.5924
2020,8,36,1.2277749555499111,8.322973447912286,20.72224021611043,15.175247650495303,74.13004826009652,2.4451358902717804,50.336085085604395,58060000,4.6820333333,25.4055,3.2072
2020,9,36,1.2381889763779528,12.609627572456027,24.526454461297444,16.63074803149606,71.16797900262466,3.1928477690288712,77.7752769554735,58060000,4.6338709677,16.7832,3.3346999999999998
2020,10,36,1.5125730251460503,13.420932940990003,23.87706652149045,16.938671577343158,74.9745999491999,3.387858775717551,132.13179418317205,58060000,6.87688,17.6871,4.6567
2020,11,36,1.4812992125984255,12.772057252723776,22.86783450829595,18.91635826771654,79.60629921259843,3.5391732283464563,188.8332773827326,58060000,9.7012709677,20.5412,5.7686
2020,12,36,1.3401701803403607,15.636340456615969,24.575290639579357,15.714916179832361,84.50596901193802,3.193040386080772,322.67487105929746,58060000,11.8537451613,20.2135,7.2161
2021,1,36,1.2887350774701551,16.92997084990111,27.873731143745132,19.885312420624842,78.94335788671577,4.115951231902464,229.19209875789664,58060000,10.4682464286,32.834,6.9218
2021,2,36,1.265466816647919,15.75289162877285,25.935087130344556,17.233661417322836,81.67885264341956,3.4647778402699654,239.18652912991726,58060000,7.4811387097,16.4872,6.0532
2021,3,36,1.1125222250444502,15.515329644203405,26.789871202045333,18.258705867411734,81.07061214122427,3.4984759969519934,88.6349070711386,58060000,6.2910933333,9.0269,5.6272
2021,4,36,1.2283464566929134,11.911984618671225,23.706971444847966,16.120216535433073,77.71653543307087,2.8166666666666664,79.72197637867365,58060000,5.4121645161,8.1121,4.6567
2021,5,36,1.107759715519431,10.978113306365472,22.827111659350432,12.49210693421387,78.09880619761239,2.10998221996444,54.62775048066648,58060000,4.5719966667000005,5.4865,4.1182
2021,6,36,1.109251968503937,9.923093356120486,21.47767571031831,10.716437007874017,77.80839895013123,1.7768372703412072,17.46192815942868,58060000,4.1818548387,7.2161,3.4631
2021,7,36,1.168719837439675,6.001233538463659,20.854552721709588,12.86455422910846,65.41783083566166,2.106680213360426,48.746452223273394,58060000,3.9718709677,7.5126,3.2072
2021,8,36,1.1153797307594617,8.919413414558509,20.028013038294823,14.577305054610111,74.21894843789687,2.307277114554229,64.74234748374887,58060000,3.71373,7.0687,3.0806
2021,9,36,1.2470472440944882,12.138289539272236,21.531510361033966,16.4946062992126,71.78477690288713,2.9633858267716526,34.49468977935113,58060000,5.6740516129,9.7158,3.0806
2021,10,36,1.2573025146050294,12.639737855848281,19.55926842210446,12.710001270002543,85.14097028194055,2.371666243332486,161.45245216223643,58060000,5.58914,9.7158,4.1182
2021,11,36,1.2618110236220474,12.094353058463291,20.805881934059677,19.24885826771654,79.95406824146981,3.3753937007874013,84.0376750999481,58060000,8.5248290323,21.2044,4.2517
2021,12,36,1.3106426212852424,13.633459903108655,21.959913445569256,17.969869189738382,83.64236728473458,3.283020066040132,189.1972106082339,58060000,15.2331290323,46.0086,7.7737
2022,1,36,0.9620269240538482,15.648606928489226,23.8369592932307,16.895599441198883,84.74726949453898,3.285496570993142,237.08189642017888,58060000,15.1586714286,38.0164,8.7362
2022,2,36,0.9374999999999998,15.055543687246313,24.200415051728875,17.50295275590551,83.12710911136108,3.3231158605174347,147.80838953825494,58060000,12.2312225806,77.7312,7.1502
2022,3,36,1.0172720345440691,15.334364727691217,25.988553590010405,19.38618237236475,78.87985775971552,3.6388112776225547,191.82370983001186,58060000,25.2004133333,200.7812,9.5624
2022,4,36,0.9301181102362205,13.223314106672365,22.86142562130599,15.916003937007876,81.64698162729658,2.6656824146981624,375.8777886288033,58060000,11.537383871,27.268,8.4062
2022,5,36,0.9420243840487681,9.75174177009324,20.08838061897444,13.381419862839728,78.75285750571501,2.0026670053340103,34.30585650196842,58060000,7.33917,9.7158,6.1676
2022,6,36,0.7716535433070866,8.671508936836858,18.886633910133163,11.213877952755906,81.79133858267716,1.5567585301837266,37.079989013336544,58060000,6.0596096774,6.5784,5.6296
2022,7,36,0.8001016002032004,8.272460392389274,21.49778445465885,14.275800101600204,75.33655067310134,2.01504953009906,15.206228827784074,58060000,5.6396548387,7.5858,4.8447
2022,8,36,1.1515748031496065,8.791511325812655,19.692959182970277,13.340881381762763,75.35560071120142,2.2065659131318256,42.86515396588028,58060000,7.0261633333,27.6484,4.5892
2022,9,36,1.114173228346457,9.336893826105534,19.288542334259063,13.297893700787402,76.67322834645668,2.3594488188976372,136.96592608417,58060000,6.1058064516,11.1203,5.1033
2022,10,36,1.1144272288544577,13.223566786804582,22.754615432324222,16.928536957073916,78.5750571501143,3.1765303530607056,93.16347239600813,58060000,7.9386600000000005,21.2044,4.8447
2022,11,36,1.1151574803149606,11.929502243110447,21.324289681691944,18.010492125984253,79.44881889763779,3.280708661417323,169.47958311716047,58060000,10.3114193548,47.4981,6.1676
2022,12,36,1.0953771907543814,14.174976397378558,22.876728848950115,17.762109474218953,81.49606299212599,3.3647447294894586,228.91399884029667,58060000,11.8341322581,26.5151,7.9907
2023,1,36,0.8886842773685547,14.884226557600732,24.352564588487432,18.973196596393194,81.57226314452629,3.630556261112522,206.81363872188481,58060000,18.9765714286,39.8283,12.1093
2023,2,36,0.9575365579302586,15.954771568956573,25.68208868678854,18.552066929133858,82.12879640044994,3.5982142857142847,309.85824152348397,58060000,13.3997870968,22.5626,9.9433
2023,3,36,0.9829819659639321,14.949555857240318,24.987388964310078,18.31444627889256,79.71805943611886,3.380429260858521,171.56704916531874,58060000,13.7002133333,41.2149,9.4909
2023,4,36,0.9015748031496063,12.882218899095635,21.71395001068148,14.918503937007873,81.25328083989501,2.484842519685039,136.3788262581255,58060000,8.4229774194,12.3631,7.1354
2023,5,36,0.7496189992379985,10.491451371708553,20.6744147583574,14.17952120904242,80.11176022352043,2.059626619253238,85.59640797143463,58060000,6.8363833333,11.8581,5.7631
2023,6,36,0.6318897637795275,8.31937620166631,20.13764865057324,12.923503937007876,80.13123359580052,1.706036745406824,29.794457838679136,58060000,5.6081225806,9.2687,5.1033
2023,7,36,0.9001143002286005,8.913349091385214,19.926022148562133,12.922828295656593,76.82880365760731,1.889573279146558,23.03765984069338,58060000,5.3904967742,10.8796,4.337
2023,8,36,0.9458343916687834,10.374024022989296,21.466498060105714,13.781737363474729,76.27000254000507,2.3064516129032255,60.227515488143496,58060000,4.7661066667,8.4062,3.8426
2023,9,36,1.078740157480315,12.74250516271452,24.16228726055686,17.958129921259843,73.18897637795274,3.236351706036745,69.62797936948762,58060000,7.5932096774,16.1938,4.7165
2023,10,36,0.9982219964439927,14.553445293602827,22.968107173129532,15.12964185928372,84.6774193548387,2.8776987553975104,338.5471663563951,58060000,6.82865,15.6149,4.9736
2023,11,36,1.0501968503937007,14.858292387666452,25.291817987609484,20.581476377952754,77.50656167979002,3.9545931758530184,184.91927854243605,58060000,5.6200806452,10.8796,4.5892
